OverallRating,Comment,FeedbackCategory,Subcategory
3,He then calls and is on the phone for over 30 minutes. Please email me,Uncategorized,Customer Service Interaction
4, I emailed last year and sat on hold for a time to talk to a Rep about this,Uncategorized,Customer Service Interaction
2,"Everytime I chat with someone, they end the chat before I can even respond. It is very frustrating. It happened just now with Yvonne and has happened each time I have chatted with someone on several occasions. They tell me their solution and then just end the chat. They don't even ask if there is anything else I need, or even provide a normal response time for me to respond each time they send a response or question to me. Can you please relay this along as customer service is getting a bad rep for this.",Uncategorized,Customer Service Interaction
2," The person I did chat with told me I needed to go the the ""arrow"". When I asked what arrow, she said scroll down to the bottom of the screen, for teachers I've been teaching 15 years and have placed scholastic orders each of those years. This didn't used to be so difficult.",Uncategorized,Customer Service Interaction
3,The phone number to call in said it could not be completed at this time. I sent an email. I will see what happens.,Uncategorized,Customer Service Interaction
3,"When I tried the chat feature for help, the session timed out and I never got help.",Uncategorized,Customer Service Interaction
3,"I did not appreciate that a call back was never made from Scholastic.  I had to log in, call, send a message and finally, took me submitting a chat before I had my questions answered.",Uncategorized,Customer Service Interaction
3,"I ordered some books for my younger son because his teacher sent home a book order. Today, my younger son came home with his book order, but my older son did not. My older son's order still just says ""Submitted to teacher."" Is there something else that I need to do?",Uncategorized,Delayed/Never Received Order
1,I was searching for the book order that I made for my son early in the year (2020 - 2021) . I have never received this order or an explanation as to why not. I will make no future purchases.,Uncategorized,Delayed/Never Received Order
3,"on 9-9 I submitted orders for Emery and Alcie.  Alcies ordered was delivered today, But   Emerys was not",Uncategorized,Delayed/Never Received Order
3,"Had been calling to clarify my order. Still missing a book I ordered back on May 20, 2022. ",Uncategorized,Delayed/Never Received Order
1,I am frustrated that the last two orders I made were canceled and not by me!  I choose to have our orders come to my home because we are within a high school that does not give us our mail.,Uncategorized,Delayed/Never Received Order
5,Glad to see the shipping issues of the past seem to be fixed.,Uncategorized,Hopeful Shipping Improves This Year
4,Look forward to things returning back to normal after the supply chain issues and the pandemic.,Uncategorized,Hopeful Shipping Improves This Year
5,"I am hoping that orders will be delivered in a more timely fashion this year.  Last year, orders would take up to three weeks to process and parents were getting upset.  I am hoping there will be a faster turn around time this year.",Uncategorized,Hopeful Shipping Improves This Year
5,I am hoping that shipping is a lot more timely this year.  I quit ordering last year(after 35 years of book ordering) because of the shipping time.  (I was embarassed in front of my class),Uncategorized,Hopeful Shipping Improves This Year
4,"I had a lot of problems with orders last year and was very frustrated with Scholastic.  I had a shipment get lost, a shipment go to a school I haven't taught at for 8 years, and shipping delays like crazy.",Uncategorized,Hopeful Shipping Improves This Year
4,I hope the shipping issues are resolved.,Uncategorized,Hopeful Shipping Improves This Year
4,"Then we can just let the families know, and there is not this long wait time, like last year.",Uncategorized,Hopeful Shipping Improves This Year
4,I hope that the books do not take as long as last year to arrive!,Uncategorized,Hopeful Shipping Improves This Year
2, I really hope this isn't a repeat of last year when I waited from Sept. to the end of Nov. for my first book order....,Uncategorized,Hopeful Shipping Improves This Year
5,I know that last year you had difficulties that were outside your reach. But this year I've already placed one order and received it in record time. Keep up the great job.,Uncategorized,Hopeful Shipping Improves This Year
5,I know shipping was a nightmare during covid but I ordered many books last year for my class and parents and I both had an easy time doing so. The books eventually got to us :) I hope this year is a bit quicker with shipping.,Uncategorized,Hopeful Shipping Improves This Year
5,Hoping the delayed shipping issues of last year are no longer around! Kids always excited for books to arrive and the 6 weeks of last year was a bit long to wait!,Uncategorized,Hopeful Shipping Improves This Year
5,but I hope there are no delays like there were last year!,Uncategorized,Hopeful Shipping Improves This Year
4,We used to have a warehouse right in our community.  When it shut down last year the delay on getting books WAS HUGE!  I decided not to order last year.  I am going to try again and hope that parents get their orders sooner than later.,Uncategorized,Hopeful Shipping Improves This Year
4,I hope shipping timeline has improved to pre pandemic schedule.,Uncategorized,Hopeful Shipping Improves This Year
4,I am still a bit hesitant after last year's first order took over two months.  I shared with families this month but if orders do not come in within 2 weeks we will not send home to parents again.,Uncategorized,Hopeful Shipping Improves This Year
3,Last year I stopped ordering because it was a mess.  If it goes back to the previous year I would love to use it again.  I gave you scores based on last year.,Uncategorized,Hopeful Shipping Improves This Year
5, Had problems last year with delivery of books.  Hope it goes better this year.,Uncategorized,Hopeful Shipping Improves This Year
1,"After the multiple poor experiences I had last year, I am not participating in book orders in my classroom this year.",Uncategorized,Hopeful Shipping Improves This Year
5,Ordered 2 Lego Ninjago Activity book.  Mrs Gugg9sbergm sent only one home.  Sending note to teacher tomorrow.  Thanks,Uncategorized,Item Missing/Incorrect/Partial Order Received
3, that were both missing from the shipment.,Uncategorized,Item Missing/Incorrect/Partial Order Received
5,Came to check on student order that was shipped- wrong set of books was sent.,Uncategorized,Item Missing/Incorrect/Partial Order Received
4,One of my students did not get a book she ordered.,Uncategorized,Item Missing/Incorrect/Partial Order Received
5,"Wish entire book orders could arrive at the same time. I get partial orders for some kids, and it’s hard to send fulfilled orders home with just some kids, and partial orders with others. I try to keep partial orders until I have all their books, but have to refer to the order history online to see if their order is complete or if there are more coming.  Takes a bit more time to,cross check the orders.",Uncategorized,Item Missing/Incorrect/Partial Order Received
3,I was wondering if you ship to homes instead?,Uncategorized,Ship to Home
5,Do you still offer free shipping to home?,Uncategorized,Ship to Home
5,"Wish SBC would reinstate delivery to home, again.  It would make this book fairy's life easier, but I can work it out with the teachers.",Uncategorized,Ship to Home
1,"The system would not allow me to place and order and ship to my home.  The children are in the middle of a nasty divorce, and I would like to have the books shipped to my home.  If the father receives the books, he will not return them.  Additionally, I order other items for Christmas and Birthdays, as well as for other grandchildren.  I would like those to be a surprise.  The system should allow me the option to ship to my home and pay for it.",Uncategorized,Ship to Home
5,Wish it would let me order for my 8th grader and just send them home,Uncategorized,Ship to Home
4,I would like to have the option to ship my order/books to my home address.,Uncategorized,Ship to Home
1,I choose to have our orders come to my home because we are within a high school that does not give us our mail.,Uncategorized,Ship to Home
4,"It's not clear when we will receive the book? With online orders, I like to know when to check back in in case something gets lost.",Uncategorized,WISMO
4,Tracking #’s would be appreciated,Uncategorized,WISMO
4,The only thing I didn't like was that it did not let me know what the delivery time would look like.,Uncategorized,WISMO
5,Trying to make a payment,Uncategorized,General/Unspecified
2, I have a credit that I can't use.,Uncategorized,General/Unspecified
1,My shipping and payment page does not display the payment method or information necessary to make a payment.,Uncategorized,General/Unspecified
5,A parent wrote a check to Scholastic while the rest of the parents sent cash.  I paid for everything on my debit card.  This means I need to contact the parent who wrote a check to you and ask them to rewrite it.,Uncategorized,General/Unspecified
1,I s till do not know how to submit an order with money brought to me by a student that is in cash - I have to pay out of pocket up front for this?,Uncategorized,General/Unspecified
4,Also tough to gain access to the visa funds I had from last year.,Uncategorized,General/Unspecified
4,Where do I mail my payment,Uncategorized,General/Unspecified
3,Plus all four kindergarten teachers had a bill for the whole school year and our PTO had paid it.  I gave you scores based on last year.,Uncategorized,General/Unspecified
5,"I was a little surprised to find that I could not look up the amount in my child's E-wallet without the help of Ronda, I needed to make absolute sure that my daughter wouldn't be showing up on book fair day, unable to purchase anything with her class.      Other than the ability to check the amount in your child's E-wallet easily",Uncategorized,General/Unspecified
4,I've struggled for years with the cc payment method on this site. Mostly around saving a cc/adding a new cc.,Uncategorized,General/Unspecified
4,I had to put in my card info a couple of times before it would accept it I had to enter things in a certain order.,Uncategorized,General/Unspecified
3, you have to pay tax.,Uncategorized,Tax
4,I wish you would not charge tax (just have it already added in the book price). Also I miss getting a receipt with my order.,Uncategorized,Tax
4,Couldn't figure out how to order the free book,Uncategorized,General/Unspecified
5,"I do not see my Bonus Points for Teacher Referrals:  Briana Snyder  Alex Castellanos  Also, how do get the 300 bonus points for ordering before September 30th.  Please advise.",Uncategorized,General/Unspecified
2,entered the READS promo code for free book and got no credit or option to pick a $5 book.  Forget it.,Uncategorized,General/Unspecified
4,Lost all my Bonus Points.  sad...,Uncategorized,General/Unspecified
4,Discount code did not work,Uncategorized,General/Unspecified
4,A little difficult to apply a coupon and use it- but I figured it out.,Uncategorized,General/Unspecified
5, I DO wish that when I chose my free $5.00 book that I would have been given the option to choose the book,Uncategorized,General/Unspecified
3,I couldn't find the place to select my $10 in free books :(,Uncategorized,General/Unspecified
3,Promo code did not work for the $25.00 order and get a free $5 book. ,Uncategorized,General/Unspecified
1,was trying to find my Bonus Points #.    I  want to know IF I can transfer my balance of points to another Teacher  at a different school.  I am retiring & dont need them.,Uncategorized,General/Unspecified
4,I wanted to use bonus points to buy a book but the system charged instead of using the bonus points. I ended up deleting the book.  Hopefully I can order it with the bonus points next month.,Uncategorized,General/Unspecified
3,"the promotion code,advertised all over the site is not working",Uncategorized,General/Unspecified
5,Would not let me enter free book selection on a $176.00 order.,Uncategorized,General/Unspecified
1,  What are thee bonus points for?,Uncategorized,General/Unspecified
5,"Just wondering if parents could be prompted to select a free book when their order is over $25.  I have a family that earned a free book, but didn't make a selection.  It would be nice if they could be prompted for these rewards just like teacher's have on their checkout page.",Uncategorized,General/Unspecified
1,signing up i did not get points or neither did the person who shared. ,Uncategorized,General/Unspecified
1,I have just placed my last order with your company.  You failed to honor your advertised rewards for teachers when students place orders.  ,Uncategorized,General/Unspecified
2,It would not let me spend the $5 in free books. ,Uncategorized,General/Unspecified
1,I am frankly disgusted by Scholastic's false promises of free books for teachers.  I am far to busy to waste my time on nonsense.  I will inform my classroom parents that Scholastic has repeatedly failed to uphold its promises to reward teachers with free books for student purchase,Uncategorized,General/Unspecified
4,I wish there are more and better options in the Bonus Catalog.,Uncategorized,General/Unspecified
5,Love all the opportunites to earn extra points and books!  I like when you send birthday or bonus in the summer.,Uncategorized,General/Unspecified
4,Yesterday I submitted a student online order and mailed a student order and today I had another student online order. Since my orders were submitted on different days I was not able to receive any bonus points or rewards. Is there any way to get those credits?,Uncategorized,General/Unspecified
3,"I entered a discount code as offered and instructed, but it did not take.",Uncategorized,General/Unspecified
2,"Also, I lose out on bonus points and book picks!",Uncategorized,General/Unspecified
4,"When used the promotion ""READS"" to get a free book for an order over $25, I was unable",Uncategorized,General/Unspecified
4,"It was difficult to find a ""free book"".  The one I chose for $5, the website said was not eligible.  Don't know why it wasn't.",Uncategorized,General/Unspecified
4,It wouldn't let me enter my $5 free book.,Uncategorized,General/Unspecified
3,Trying to apply discounts.,Uncategorized,General/Unspecified
1,The code says expired. ,Uncategorized,General/Unspecified
3,Always have a little trouble submitting my free book selection,Uncategorized,General/Unspecified
5,I didn’t get the promo code to work,Uncategorized,General/Unspecified
4,The coupon code for a free book expired before the book order is even due. That’s frustrating!,Uncategorized,General/Unspecified
4,The $10 to spend right now window was not available,Uncategorized,General/Unspecified
1,I couldnt use the READS coupon code.,Uncategorized,READS
5,The READS coupon didn’t work :(,Uncategorized,READS
4,My students really like the paper flyers but we have not received any this school year.  Will they be sent in the future?,Uncategorized,Kits
3, It would be nice to have received physical copies of flyers.,Uncategorized,Kits
3,Looking for a connection to order flyers  sent to my school.  In previous years they were automatically sent to my school.  This year they  were not. I would like flyers for Early Childhood and Firefly.,Uncategorized,Kits
4,I didn't receive my October catalogs.  So I'm requesting them now.  I figured they would be sent out automatically each month!!!,Uncategorized,Kits
5,I am not sure that I fixed my problem.  I have not been receiving flyers this year. in  they will start coming!,Uncategorized,Kits
4,"I would love the flyers to be sent out again. It is a great way to help those purchase books, by seeing the item.",Uncategorized,Kits
5,"I still order books to use with students, but I don't need you to send me class flyers.  Is there a way for me to do this?",Uncategorized,Kits
4, I do not need any flyers right now and need to stop them from being mailed to me at my school.,Uncategorized,Kits
4,Need to make sure that I will be receiving my flyers at my site this year for each month. They did not come directly to me but came in bundles with other schools from the district in it. I often missed the flyers altogether because they never arrived at our site and I would have to call scholastic to send the flyers directly to me and that took a few days for them to arrive.,Uncategorized,Kits
4,She has half the day in spanish. I wish that the Leo flier was more often.  I think you should market your Leo flier to teachers that are DLI.,Uncategorized,Kits
5,"I haven't tried to get those catalogues yet, so I'm not sure if I'll be successful.",Uncategorized,Kits
1, I just want flyers to send to my students and have no way to access it or request flyers.,Uncategorized,Kits
4,"Since the pandemic, I have not been getting the student flyers sent to school.  I REALLY want them to generate more orders.  PLEASE send them to school. still have not received the paper flyers.",Uncategorized,Kits
4,I want to know how to get flyers,Uncategorized,Kits
5,"hi just got the flyers i requested but I guess I didn't ask for the Lucky flyers or any that would be good for second graders.    In the future could you please send me any flyers See Saw, Lucky, you can be a reader, that  second graders would order from...  Thanks   ",Uncategorized,Kits
1,stop producing sooooo many flyers that I simply recycle. Stop!!!!!,Uncategorized,Kits
3,I still appreciate the tactile sense of browsing the printed Scholastic book order flyer.,Uncategorized,Kits
2,"I simply wanted to change the number of fliers I'm receiving since I have a larger class this year.  I needed to go the the ""arrow"". When I asked what arrow, she said scroll down to the bottom of the screen, for teachers, and select catalogs. There I find I need to order specific catalogs for a one-time order. ",Uncategorized,Kits
4,I have asked for a 4th grade flyer but have not received one- most of my parents need the paper flyer,Uncategorized,Kits
3,I need to have flyers sent to me as I never got any and would like to make a class order. I can't find how to have flyers sent ,Uncategorized,Kits
4,"Some item numbers didn’t match the flyers, but overall,",Uncategorized,Kits
3,the number are not the same as in the flyer.,Uncategorized,Kits
4,"I was looking for a way to request paper, book order catalogs to hand out to my students.",Uncategorized,Kits
2,I have now filled out the request for paper flyers twice. Please follow through and send them soon.,Uncategorized,Kits
1,"The flyer from the teacher, does NOT match on-line.",Uncategorized,Kits
4,I'm 4 by the quality of some of the titles  I think the selection has decreased over the past few years.,Uncategorized,Products Offered
4,Just a low stock issue for one book the child wanted. I think you should take low stock out if we can't order them.,Uncategorized,Product Inventory
3,Please get more classic chapter books!,Uncategorized,Products Offered
4,a couple books I wanted were not available as individual books and were only available as a set and we have most of the set.,Uncategorized,Single Titles vs Bundles
5,A book is out of stock.,Uncategorized,Product Inventory
1,"I wanted to buy some Christian books in addition to secular ones.  When I typed in ""Jesus"" into the search bar, there was not one result.  I typed in ""God.""  Nothing.  If you can't have one book about Jesus, I can't buy from you and I will be sure to let all my friends know.  Interestingly there are results for search words like ""gay"" and ""transgender.""",Uncategorized,Products Offered
4,Out of stock items should be able to be ordered and then I can be updated when they are available and shipped.  Not telling me to check back later.,Uncategorized,Product Inventory
4,It would be helpful if we could see the titles of all books that are in book bundles before placing the order. I did not order the unicorn diaries bundle today because I couldn't read what titles were included.,Uncategorized,Product Info/Description
4,Super 4 the shark book is out of stock.  I did not see any information as to when it might be available again.  Super sad 5 year old.,Uncategorized,Product Inventory
2,I struggling with ordering simply because there isn't enough variety.  I'd like to see more stable books offered instead of bandwagon books that don't last the test of time.,Uncategorized,Products Offered
4,"One of the sets of books that a student wanted to order is out of stock. I will check back later. It is the Who would win, rumble 6 pack. Item number 42G1 for $22.",Uncategorized,Product Inventory
3,"I struggled with the bundled options, its not easy to see details about each book.  Picture shows 4 books when there are 5- its a bit confusing.",Uncategorized,Product Info/Description
4,Would perfer a long list (with pictures) of the books you offer. I kept seeing the same 15 books. Sure there are more.,Uncategorized,Product Info/Description
1,Your book selections are very political.  I just want to get my kid a story book.,Uncategorized,Products Offered
5,"Kindly watch the woke content.  You have a duty to provide wholesome, unbiased literature to our children.  It's a powerful position to be in, please respect it.",Uncategorized,Products Offered
1,"PS, not buying any books on here until you provide more unifying, less divisive subject matter.",Uncategorized,Products Offered
1,"Too much anti-American content or divisive material on here.  I could not find any material on pride in country, being a responsible American citizen, or Founding principles.  If Scholastic cannot expand its subject matter, I’d rather not receive this newsletter.     Do better.",Uncategorized,Products Offered
3,Not all books had a description of the story,Uncategorized,Product Info/Description
4,"Just that a book was ""out of stock""",Uncategorized,Product Inventory
3,"while the selection has decreased. You are also offering books in packs, but not offering the titles separately.  I won't buy the pack when I already have most titles.",Uncategorized,Single Titles vs Bundles
3,"It would also be wonderful if there were more books available with a Christian theme, especially at Christmas and Easter.",Uncategorized,Product Inventory
3,"It's frustrating to not be able to get the next book in a series. For example, the Wings of Fire. My daughter read the first one to see if she liked it but we don't want the set because we already have the first one. We just want the second book, but will have to get it somewhere else.  Thanks",Uncategorized,Single Titles vs Bundles
5,"I appreciate the opportunity to offer my students a variety of books to purchase.  I would like to see ""small group"" sets of books for my new grade level to purchase.",Uncategorized,Products Offered
3,I would prefer more individual books instead of a pack of several.,Uncategorized,Single Titles vs Bundles
3,I wanted to see more books beyond my child's grade.  The options were confusing to figure out and looked like that same books over and over again.,Uncategorized,Products Offered
4,Wondered what to do about out of stock orders. ,Uncategorized,Product Inventory
4,"The book that I wanted to order is out of stock.  No details as to when it will be back in stock.  Usually, companies would send you information when the item is back in stock.  4.",Uncategorized,Product Inventory
3,"Overall, the inventory sometimes feels limited on this site.",Uncategorized,Products Offered
5,would like to see individual book options if they are also in a pack: otherwise we end up with duplicates. thanks!,Uncategorized,Single Titles vs Bundles
4,I would love to see Reading Group Book sets for lower GRL levels A-D.,Uncategorized,Products Offered
5,I couldn't complete my order because one of the student order was out of stock and I had to contact the parent to see if they wanted to change their order or get reimbursed.,Uncategorized,Product Inventory
3,"Just hard to find something that I think she will enjoy, thats at her level. Shes 8 and a good reader but many books seem to young for her (picture books) and she doesn't enjoy graphic novels. I only want  to buy books that will get reread,  ",Uncategorized,Products Offered
4,When selecting  books it would be nice to see the covers and authors.,Uncategorized,Product Info/Description
5,For holidays I like to purchase my students a book such as Spookley the Square Pumpkin or Twas the Night Before Christmas.  The last few years many of these popular books are only offered in book bundles instead of individually.  Could you please also offer books individually so that we may purchase these classics for our entire class.,Uncategorized,Single Titles vs Bundles
4,A book that my child wanted was out of stock,Uncategorized,Product Inventory
3,the suggestions of books are very small,Uncategorized,Products Offered
4,"I'm always checking back on the site for new reading packs in our spanish classrooms.  We need more ""ready to read"" books for grades TK-3rd.",Uncategorized,Products Offered
3," One of the items he ordered is apparently out of stock.  Instead of a backorder sheet of stickers, it won't even let me place that order.  ",Uncategorized,Product Inventory
3,selection are pretty sparse,Uncategorized,Products Offered
2,You were out of stock on over $80 worth of books towards my order. ,Uncategorized,Product Inventory
2,"I have been a member of scholastic for over 30 years. The quality of reading of your product has gone down, in my opinion. There are not enough classic stories, too many graphic novels, and silly stories (Dog man, etc..) and these kind of books do not make my students smarter readers. I know these are the type of books that sell, but , in my opinion, they lower Scholastic's standards.",Uncategorized,Products Offered
4,"We really wanted to purchase individual titles of the Owl Diaries, but they were not available.",Uncategorized,Single Titles vs Bundles
3,What my child wanted was out of stock,Uncategorized,Product Inventory
4,Not enough non-fiction or STEM related books selections,Uncategorized,Products Offered
4,I wish that scholastic carried,Uncategorized,Products Offered
3,I couldn't find some books my daughter wanted.,Uncategorized,Product Inventory
4,Would like to order individual books from the black is beautiful 5 pack,Uncategorized,Single Titles vs Bundles
4,I was interested in many of the book packs but already own 1 or 2 in most of them and wish the titles that you were interested in were available to purchase on their own.,Uncategorized,Single Titles vs Bundles
2,Get this woke crap off your site. The more woke stuff there is the less I buy. Shame.,Uncategorized,Products Offered
5,"Biggest challenge was figuring out which books were in a boxed series. I was shopping for the Magic Tree House series and needed a specific ""next"" box set. I couldn't easily distinguish which set was the correct one for me to select",Uncategorized,Product Info/Description
3,"For books that are part of a series, I wish you would say which number it is. As an example, I know my son likes The Bad Guys, but I don't know which numbers you have for sale.",Uncategorized,Product Info/Description
4,Not all books are available that are available on the regular of scholastic,Uncategorized,Product Inventory
1, book clubs has a lot fewer options.  ended up buying at amazon.,Uncategorized,Products Offered
2,I have not been able to intentionally get to a place to input the code from my flyer,Website,Digital Flyer
1,still can not find where the editable flier is to send home,Website,Digital Flyer
3,Letter to parents downloaded blank.,Website,Parent Letter
3,Hard to find information. Video tutorials would be nice.,Website,Userability/Performance/Navigation
5,"On the mobile app, I was trying to add the ""READS"" free book, but the ""confirm and apply"" button was below the screen and I couldn't scroll far enough to be able to click it. On the computer it worked fine.",Website,Mobile Compatibility
4,Took me awhile.  Not super user friendly.,Website,Userability/Performance/Navigation
3,Not finding info,Website,Userability/Performance/Navigation
3,Need larger pictures to show children the available books.,Website,Userability/Performance/Navigation
4,"Easy to add items to wish list and cart. Sometimes navigation is difficult (e.g., once get to checkout, it would be nice to have a back button ('back to shopping'), rather than using the browser back button or having to go back 'home' and navigate back to where I was before entering checkout).",Website,Userability/Performance/Navigation
3,"I had trouble finding where to submit my child’s teacher & when I found it, my entire cart was deleted so I had to start over. It would be better if the scholastic site worked seamlessly with the school classroom pages.",Website,Shopping Cart/Checkout
2,It will not add to my cart at all and I can't order.    I have a credit that I can't use.,Website,Shopping Cart/Checkout
5,"Site worked great! The search function under the site search was a little confusing since it only had the ""add to cart"" button there instead of going to the item to view the descrip. I get the idea of it, just wasn't prepared for it. This is so much easier than filling out those awful newsprint, tiny order forms lol",Website,Filter/Search Options
4,I feel like there should be an easier search function,Website,Filter/Search Options
5,Wish there was a way to edit a letter to attach to the student flyers.      Such as fonts and size.  I can't figure that out.,Website,Parent Letter
3,Search function is not great,Website,Filter/Search Options
3,Had trouble going back to the $1.00 page : D,Website,Userability/Performance/Navigation
3,The site is not easy to navigate.  I feel like you have to click around a lot to find the best deals for teachers.,Website,Userability/Performance/Navigation
3,"I find the site has not been updated in 3 years, since I was last in the classroom. It is not the most user-friendly to maneuver in between the teacher wish list and book selecting. I wish multiple books could be added at once instead of one at a time.     It would be nice to have received physical copies of flyers.",Website,Userability/Performance/Navigation
4,Just still looking for where to do this. :),Website,Userability/Performance/Navigation
3,Not an easy site to navigate and prices have gone up.,Website,Userability/Performance/Navigation
3,It is still not easy to quickly find what I want and switch back and forth between items.,Website,Filter/Search Options
3,"Your site is not easy to follow to order the books. I had to use the sheets that were sent home from the school and then search for each book using the item number. I was not impressed with the site. I would recommend the books, but I would also warn everyone about using the site.",Website,Userability/Performance/Navigation
3,"should be able to place books in ""shopping cart"" directly from the digital flyer. The numbers on the digital flyer are too small to easily read. Should be listed when click on the book.",Website,Userability/Performance/Navigation
4,Kept freezing on the flyer's.,Website,Digital Flyer
4,"I could not print my printable teacher letter - I got a screen with ""bad response"" instead.  I opened it in an incognito window and it worked.",Website,Parent Letter
1,when I am at checkout and have $ to use - I should be able to pull up my wish list and add those books in.  This is very frustrating.  The system really needs to be easier for teachers.  We don't have time to navigate back and forth.,Website,Userability/Performance/Navigation
5,very well placed categories ans recommendations. Only feedback is that when I was on a recommendation page I liked 2 books and I clicked on 1 to add to cart but after that I couldnot go back to the same recommendation page and missed the second book I had liked. I then had to search for it again.,Website,Userability/Performance/Navigation
3,The survey popped up before I could complete what I was doing.,Website,Survey Pop Up
4,Sometimes I find it hard to locate the collection deals or the book of the week sale,Website,Filter/Search Options
4,I am not sure that the entire process is intuitive but I am muddling through.,Website,Userability/Performance/Navigation
4,Keep me logged in once I log in,Website,Logged Out/Repeat Log Ins/Password Help
3,The process to confirm an online order placed by a parent is overly complicated & redundant.,Website,Userability/Performance/Navigation
4,A couple search challenges. Typed in a book I knew was there and it didn't come up.,Website,Filter/Search Options
5,"I find the site hard to navigate.  The collections can sometimes be helpful, but it would be nice to be able to just look through all titles at once.",Website,Filter/Search Options
4,It timed out and did not keep what I had done. I had to re-enter everything.,Website,Shopping Cart/Checkout
4,I cannot print or download the parent letter.,Website,Parent Letter
5,Some of the digital flyers would not load to view.,Website,Digital Flyer
4,"It would be great if teachers/parents could search by price (for example in the search bar enter ""$1"" and all the $1 books came up)",Website,Filter/Search Options
4,The button to SEE ALL in a section doesn't stand out easily,Website,Userability/Performance/Navigation
5,"Site is easy to navigate. However, I did not see the bonus catalog section. I will look when I submit order on Wednesday.  Thanks for the $1.00 book section. helps me with birthday books and holiday books.",Website,Filter/Search Options
4,It would be great if you had a way to sort by price or browse for books below a certain price point.,Website,Filter/Search Options
3,cant search for a book,Website,Filter/Search Options
4,"I wish there was a way to search or sort by price. For example, as a parent (or a teacher) looking to build my library on a tight budget, I'd love to search for all the $5 and under books. Or knowing that Scholastic has dollar deals, all the $2 books.",Website,Filter/Search Options
3,Just initial navigation is a little confusing,Website,Userability/Performance/Navigation
4,The way the free book code needed to be entered was a bit confusing. I ended up ordering two copies of the same book.,Website,Filter/Search Options
1,The page is stuck on the check out screen  Very frustrating,Website,Userability/Performance/Navigation
3,"I tried on my phone to enter a free book and submit my order,but it did not work so I went on my computer and tried and it worked.",Website,Mobile Compatibility
1,It said general error.,Website,Userability/Performance/Navigation
3,"I am truly not trying to sound negative or that I'm complaining, but your website is incredibly difficult to navigate. There are WAY to many things to look on every page that I go to. Perhaps student orders can show up as JUST their names with a drop down option if you want to see what they've ordered? I don't know... it's just really challenging every time I come to this site. Like I said, I'm NOT trying to complain... I LOVE children's books and I LOVE promoting them. I just have a really hard time on your website. Thank you",Website,Userability/Performance/Navigation
3,I can't find filters and I wanted to filter by price.,Website,Filter/Search Options
2,"Very slow, site freezing.",Website,Userability/Performance/Navigation
4,I was unable to find the book packs listed on the cover pages of the flyers sent to me.  I wasn't sure where to find them.   It was also difficult to see the text when I was viewing sample pages.  Sometimes I was able to get it to zoom in on the words by moving my mouse over and sometimes it would not.   It was also frustrating to have to keep clicking on the see full details button to read a description of the story.,Website,Userability/Performance/Navigation
3,"I read the tutorial, but found it a little difficult to navigate the site and look at books. After I ordered I realized there were a LOT more books to choose from than I had seen. Oh well, next time. The prices are good. Not all books had a description of the story",Website,Userability/Performance/Navigation
1,Rested an account one for each child then could not get to a place to order for youngest. I was stuck at the oldest.   Will go out and try again,Website,Userability/Performance/Navigation
3,I had trouble viewing the digital flyer.,Website,Userability/Performance/Navigation
3,"I am unsure if I sent the email to parents. I was in the middle of adding students and I was told that my time expired. However, when entering names, I thought I could download the list but I saw that all those names came up as one student. Then, I could not delete my error so I had to continue and add students  one at a time. This involved typing name, clicking add, having to click in box again to type another name., etc. Then time expired and I do not know what students I have listed.   I did not continue because it would take more time.    I did share the SBC to 2 of our new colleagues. I hope they do not get discouraged.",Website,Userability/Performance/Navigation
3,Very slow to load,Website,Userability/Performance/Navigation
4,"The hover behavior where it opens a dialog when you're in the catalog view is a little weird, but it works.    Tried to search for ""how it's built"" books, and the search definitely seems like it could use improvement. No results for ""sailboat"" even though there's a sailboat book in there.",Website,Filter/Search Options
4,"Below ,in this survey , you asked me if I need assistance ( which I don't ) , then my email was required regardless. Why?",Website,Survey Pop Up
5,"I completed the survery before I was able to put in my order for it popped up as I was about to do the order/bonus part of the website. The survey should come up at the end, not at the start.",Website,Survey Pop Up
3,There were so many pop ups and notifications it was hard to see where I had to go and where to enter the actual order. Please make it more user friendly. thank you,Website,Userability/Performance/Navigation
4,I wish that you could also search for books by price.  I often have money to spend (earned rewards) and sometimes difficult to spend the exact amount.  Being able to search by price would help with this process.,Website,Filter/Search Options
3,I would love to be able to search books by reading level (vs. age level).,Website,Filter/Search Options
4,it logged me out after a few minutes of inactivity but once i logged back in all my items were still in my shopping cart,Website,Logged Out/Repeat Log Ins/Password Help
3,"Maybe I am just missing it, but I really wish I could find books by the skill level of the reader better. My son has dyslexia and isn't reading at his grade level, so it makes finding books for him on this site difficult.",Website,Filter/Search Options
4,It's not user friendly unless you are knowledgeable with the site,Website,Userability/Performance/Navigation
4,Some parts wouldn't load. It would also be nice if you could add to cart straight from the brochure page,Website,Userability/Performance/Navigation
3,"When my account pulls up, it pulls up to my parent account.  I want it to pull up to my teacher account.  I guess I will have to cancel the parent account because otherwise I have to try to figure out how to see student orders- it's not very user friendly.    When you pull up the flyer view, it won't let you go to the next page if you zoom in to look at anything.  You should still be able to click the arrow to turn the page even if you zoom in to see a book description instead of going all the way out and starting over.",Website,Userability/Performance/Navigation
4,Would like option to have a quick translated Spanish version  of the Family Letter - Could not find.  Thank you   -    The website gets improved each year - and teachers/parents really appreciate that.,Website,Parent Letter
3,"Some of the features on the website are a little difficult to manage on various devices--the popups (while helpful at times) often get in the way of the task at hand.  The website was very difficult to use on an iPad, but much better on a laptop.",Website,Mobile Compatibility
4,It's hard to find the exact books on the teacher's list.,Website,Filter/Search Options
3,"I would appreciate an easier way to look at the flyers...maybe in alphabetical list for with a picture of the book  beside each listing.    It would also be wonderful if there were more books available with a Christian theme, especially at Christmas and Easter.",Website,Digital Flyer
2,"Historically, I find the Scholastic Book Club site very challenging to navigate",Website,Userability/Performance/Navigation
1,"The site loads slowly, shows books I don't click on. The digital flyer is clever but not user-friendly. At all. A different format (maybe that looks less likely the flyer) would work better.",Website,Digital Flyer
1,"The interface takes me in circles when I'm trying to find something. It has always been challenging to have a teacher and parent account simultaneously, they do not pair well together. Very frustrated that my account is under a parent and I have no way to change it to an educator. I just want flyers to send to my students and have no way to access it or request flyers.",Website,Userability/Performance/Navigation
1,"I can't add anything to my cart!  I click the black ADD TO CART button, and a pop-up says the item is added, but when I go to the cart it is empty.  This site is useless.",Website,Shopping Cart/Checkout
4,It’s difficult to swipe right and see all the books in a category.,Website,Mobile Compatibility
1,"Every time I add a book to cart, I get a pop-up that says added to cart, but then the cart is still empty.",Website,Shopping Cart/Checkout
2,"I can't find two students who placed an order.  My cart is empty, but it says I have two students who ordered.  I really hope this isn't a repeat of last year when I waited from Sept. to the end of Nov. for my first book order....",Website,Shopping Cart/Checkout
4,It would be nice to shop by flyer without having to download every flyer,Website,Digital Flyer
4,"The website (and this could be operator error) would get stuck as I was trying to place the orders.  It would not let me scroll down the list of the catelog to check certain books.  I had to refresh and then it let me scroll down.  Otherwise, I like the option of being able to look at the flyer and having items shipped to my home so that they are not lost at the school. or if we need to go virtual with the pandemic.  Thank you for making these changes.  I have always loved Scholastic book club.",Website,Shopping Cart/Checkout
5,"Was a little overwhelming to sort through the flyers and try to present options to my kindergartner, but got it done!",Website,Digital Flyer
1,Congratulations- my new password for this site contains the words This is stupid.  I have been a parent ordering books for almost 10 years and the absolutely ridiculous crap I had to go through to log back in after forgetting my password was exceedingly frustrating.  What a waste of my time.  Next time I will go to the bookstore or library to get my kids’ books.  The drive will take less time.  I couldn’t even complete my order before this stupid survey popped up.,Website,Survey Pop Up
4,"Still getting used to using the online, but I was not able to get back to the teachers list after I chose some books. Not sure if that's a user issue but I wish there was a visible tab to get back to that after making selections and checking my cart to see what my total was at. my intention was to spend 25 and then spend the $5 on a book for the teacher and I could figure out where her requests were.",Website,Userability/Performance/Navigation
3,"After selecting a book description, it's difficult to get back to the page where you can select a different flyer.    I would prefer more individual books instead of a pack of several.",Website,Digital Flyer
2,"First, what the heck is the difference between a book fair and a book store? Why does it still look like I'm benefiting my niece's old school from past years, when I tried to sign up with my daughter's new school? Your flyers stopped loading for me after I'd looked at several. The cart doesn't have an easily visible total... I have to scroll all the way to the bottom, which feels like extra work when I just want to know where things stand before I add more books (or subtract some).",Website,Userability/Performance/Navigation
4,I couldn't add the free book from the mobile site it wouldn't let me scroll down to submit.  So i had to pull it up on my laptop to get the free book saved.,Website,Mobile Compatibility
3,"Even after typing in the title of the book that I was looking for, the site took a long time to find the item.",Website,Filter/Search Options
4,The page was slow to load. Not sure if it was the website or my computer though.,Website,Userability/Performance/Navigation
3,Hard to search for books.,Website,Filter/Search Options
2,"The links provided on the flyer didn’t work. I had to search and find the site , navigation was frustrating.",Website,Userability/Performance/Navigation
3,Could not get the site to work on the Chrome browser even with cookies unblocked.,Website,Userability/Performance/Navigation
1,Website is slow to respond and download.,Website,Userability/Performance/Navigation
3,Seemed hard to search for books.,Website,Filter/Search Options
3,The only issue was having the Feedback and Live Chat on the right side made it difficult to move up and down the page on my laptop.,Website,Userability/Performance/Navigation
3,"There is a black rectangle on the THANK YOU FOR YOUR ORDER page with the word PRINT that did not print. I chatted with your rep Christopher, but he was unable to fix the problem. He said he would submit it to your tech people.",Website,Userability/Performance/Navigation
3,how about some tutorial videos on how to...?,Website,Userability/Performance/Navigation
3,"It is just not easy to find things on your website. Since I work on line, I need to be ale to quickly and easily see if  my students have made orders so that I can submit them.  That is not an easy thing to find.",Website,Filter/Search Options
4,DON'T SEE HOW TO SHARE FLYER WITH A PARENT,Website,Digital Flyer
1,When I click sign in a white blank box comes up and I am unable to sign in.  I can sign in at my school but not at home. I tried connecting to my hotspot- that didn't work either. Why can I not sign in at home?,Website,Logged Out/Repeat Log Ins/Password Help
4,The only difficulty is shopping or making Teacher Selections by level. I wish there was a way to search books by reading level.,Website,Filter/Search Options
4,I thought this was pretty straight forward. My only thing was that it took me a moment to find the button to see all books in the age group I selected rather than just a sample of what was available. Once I saw that link everything else was easy.,Website,Filter/Search Options
5,"When I tried to download my Family Letter, it would not open to the letter. The site stated it was not found.",Website,Parent Letter
4,If it is possible to look at books by theme a little easier it would be nice.,Website,Filter/Search Options
4,not enough books displayed on a page when looking at fiction books.  Too many pages to click through.,Website,Userability/Performance/Navigation
4,"There was a $1 books offer that opened to me, but when I switched pages I couldn't find it again. I was going to go back and get some but couldn't access it easily. Otherwise no problems.",Website,Userability/Performance/Navigation
3,"the suggestions of books are very small, and it should have an option to search books by themes.",Website,Filter/Search Options
4,"I'm still learning how to navigate to what I need. Sometimes, it's not as intuitive as I'd like. Overall, I've had a positive experience with the site.",Website,Userability/Performance/Navigation
2,Please allow for author searching and linking. Subjects as well. Sort filter features by price and reading level while I'm dreaming.,Website,Filter/Search Options
2,It is just not user friendly. Lots of scrolling. and the information you're looking for is not really in the place you are looking for it to be in.,Website,Userability/Performance/Navigation
3,"When on mobile, hard to find how to order for book club to benefit classroom.",Website,Mobile Compatibility
4,Sign in period is too short.  Most times when browsing I need to come back and find I've been signed out.  It's just annoying to sign back in is all.,Website,Logged Out/Repeat Log Ins/Password Help
3,"I don't think it's the most user friendly site. Also, I don't appreciate how Scholastic has raised the price so much that most of our families can't afford to get the books anymore.",Website,Userability/Performance/Navigation
4,It is annoying to me that the site works best in landscape over portrait on my iPad. I usually forget to turn it.,Website,Mobile Compatibility
4,"The search functions are a little antiquated, but I was able to complete, thanks!",Website,Filter/Search Options
4,"i wasn't able to find a way to search by topic, like self regulation.  I just had to hope it came up.  You should have a tab for kids on spectrum.  Maybe you do but it wasn't obvious.",Website,Filter/Search Options
5,"Some trouble logging in - didn't accept password, but overall easier than usual.  As I've said before your site doesn't do well with Mozilla and other browsers that focus on privacy which is annoying as I have to use chrome or edge - whichever will work that day.  Also, my biggest pain is trying to enter the due dates.  Often the Drop-down calendar will not register my date.  It would be preferable to have an option to type in a date.  Thank you - hoping things are running more smoothly this year.",Website,Userability/Performance/Navigation
1,It will not let me order books. Nothing shows in my cart,Website,Shopping Cart/Checkout
5,"if possible filters allowing me too look at subjects per age.  For example... fears/anxiety & age  options with 'where is my monster'.  Also maybe select value packs as alternate purchases when you select a particular book.   I found the above example after searching examples, then put it directly in to see if you had the book as an option.  After I completed my order I discovered there was a value pack with another similar book.",Website,Filter/Search Options
4,When searching for books to add the site often lags.,Website,Userability/Performance/Navigation
1,website is not formulated to be used with a cellphone. wouldnt even let me submit payment on my cellphone i had to use a desktop computer.,Website,Mobile Compatibility
3,"I put items in my cart, but the site would not let me log in so I could buy the books I wanted to purchase. I had an account last year and my grandson s now in first grade, so i need to chanfge classrooms, which i did, but then I could not log in. I tried to create a new account, but could not do that either. I am not impressed with your website a the moment.",Website,Shopping Cart/Checkout
4,The scroll side bar is so skinny to move.  I hope shipping timeline has improved to pre pandemic schedule.,Website,Userability/Performance/Navigation
3,Password reset,Website,Logged Out/Repeat Log Ins/Password Help
4,"not hard, but not very easy finding the right flyer to order the books",Website,Digital Flyer
4,I tried to pull up the2nd & 4th grade flyers to view. they never came up even after I clicked the help if  having trouble,Website,Digital Flyer
5,The digital flyer wouldn't always come up,Website,Digital Flyer
4,It would be great if you could search by lexile/reading level.  Or even if you could easily access flyers from other grades as my child is reading above her grade level.,Website,Filter/Search Options
4,It was hard to get to the flyers but overall it was a good visit!,Website,Digital Flyer
4,"Not difficulties per se, but the website doesn't always feel intuitive for figuring out how to do what I need as a teacher. This is only my second year, so maybe that's why.",Website,Userability/Performance/Navigation
5,"I couldn't remember my password but if I had known the ""requirements"" I would've been able to remember it.  Maybe it would be helpful to know how many characters the passwords are?",Website,Logged Out/Repeat Log Ins/Password Help
4,"It can be hard to find books even with the search feature.  For instance I typed in ""Babysitters Club"" and it only offered me the 5 book pack, but I knew there was an individual book available.",Website,Filter/Search Options
1,Unable to get to the Cary to purchase.,Website,Shopping Cart/Checkout
5,Is there a better way to search for all non-book items that are available to purchase? My middle schooler likes the posters and other items that are usually available during the book fairs. I was unable to locate any of those items during my search.,Website,Filter/Search Options
5,It sent me straight to the survey before I could order. I will do so now.,Website,Survey Pop Up
4,the flyers are glitchy,Website,Digital Flyer
4,I had a hard time trying to change my password.,Website,Logged Out/Repeat Log Ins/Password Help
2,"I am unable to find books via searching. I searched for the title  ""Marcus Makes a Movie"" and the author ""Kevin Hart,"" among others and the books in your flyer did not come up. I used to work in a library so I know how to search books. I was able to use the item number, but it's absurd that using the titles of the book does not work. I am 5 with how poor your site operates.",Website,Filter/Search Options
4,Sometimes the digital flyers would not load and I would have to keep refreshing the page. Other than that I am a big Scholastic fan and love ordering books!,Website,Digital Flyer
3,difficult to figure out where to make changes to account.  Site not clear.,Website,Userability/Performance/Navigation
4,"I like being able to see tons and tons of books, but I wish there was an option to search based on price and not by grade or age. I really like the selection of suggested books at the bottom of the page after you click on a book. I feel like there are so many books I am missing and struggle to be able to search appropriately on my phone.",Website,Filter/Search Options
4,"I like being able to see tons and tons of books, but I wish there was an option to search based on price and not by grade or age. I really like the selection of suggested books at the bottom of the page after you click on a book. I feel like there are so many books I am missing and struggle to be able to search appropriately on my phone.",Website,Mobile Compatibility
5,"Took a long time to load, just closed the page and re-opened it about an hour later and all is good.",Website,Userability/Performance/Navigation
5,Flyers take a long time to load,Website,Digital Flyer
4,Please add filters to narrow down search. Grade/Price/theme all on same page.,Website,Filter/Search Options
1,"Page isn't formatted to view on Android mobile. The page is too big for mobile viewing. Can't see all the books when scrolling, it ""skips"" over half of them.",Website,Mobile Compatibility
1,This website is goddawful. I can’t figure out how to make an order and your tutorial only shows me how to send reminders and links to friends and family. I’ve been here ten minutes and I can’t figure it out. Fix your website. It sucks.,Website,Userability/Performance/Navigation
